epsilon,actual_epsilon,mechanism,sigma,accuracy,f1_score,accuracy_std,f1_std,relative_accuracy_loss_pct,privacy_type
inf,inf,dp_sgd,0.0,0.9476579429904984,0.9434030281182408,0.0,0.0,0.0,no_dp
0.1,0.18449935783393512,dp_sgd,99.99999999999991,0.9334889148191365,0.9275856145010252,0.011498292622757502,0.012660647900561798,1.4951627088830257,central_dp
0.3,0.30067658213749604,dp_sgd,12.197265625,0.945213091070734,0.9411816810630252,0.002532926892269031,0.0024257198625292566,0.25798885957197265,central_dp
0.5,0.49959933814860713,dp_sgd,7.4412841796875,0.9462132577651831,0.9420143998050731,0.0009656135576475028,0.0010720769505496862,0.15244796247435277,central_dp
1.0,0.999765418475854,dp_sgd,3.6304016113281246,0.94599099849975,0.9419103694468243,0.001298363221153281,0.001278031091685698,0.17590149516270753,central_dp
