epsilon,actual_epsilon,mechanism,sigma,accuracy,f1_score,accuracy_std,f1_std,relative_accuracy_loss_pct,privacy_type
inf,inf,dp_sgd,0.0,0.9504334296510336,0.9469426600047585,0.0,0.0,0.0,no_dp
0.1,0.18508408284299882,dp_sgd,99.99999999999991,0.9259094613617842,0.9201106600810679,0.007057682865294438,0.007444223048627275,2.5802931088244407,central_dp
0.5,0.4999427650190464,dp_sgd,8.587597656249999,0.9505816107283102,0.9474011880331318,0.00020955968917138647,0.00029064824597930015,-0.01559089491738001,central_dp
1.0,0.9998996252497836,dp_sgd,4.191363525390624,0.9502852485737572,0.9470694291163374,0.00045672475386895824,0.0004931389763286209,0.015590894917368326,central_dp
2.0,1.9993036817610461,dp_sgd,2.145681762695313,0.9507297918055864,0.9474768837236939,0.0007555782045777297,0.0007799375918412412,-0.031181789834724978,central_dp
