feature,global_sensitivity,local_sensitivity,smooth_sensitivity_beta0.01,ls_gs_ratio
src_bytes,10398.55684154541,10398.399830801669,10398.399830801669,0.9999849007178463
count,0.004056424789439007,0.0038362356355913824,0.004016062688400092,0.9457184182433527
srv_count,7.938208981289641e-06,5.679911311155565e-06,7.859222482191961e-06,0.7155154676002
