feature,global_sensitivity,local_sensitivity,smooth_sensitivity_beta0.01,ls_gs_ratio,gs_clipped_p99,clip_noise_reduction,clip_bias_bound
flag,10954.441729576973,10954.080011248438,10954.080011248438,0.9999669797569366,0.43294991783953707,25301.868133480013,51.12966399497964
src_bytes,10398.55684154541,10398.399830801669,10398.399830801669,0.9999849007178463,0.20257515499353035,51331.84689838944,103.84074100893957
dst_bytes,7.938208981289641e-06,7.936633602243876e-06,7.936633602243876e-06,0.9998015447754678,1e-10,79382.0898128964,1.57537904560815e-09
land,2.3814626943868923e-05,2.3634529611356992e-05,2.3634529611356992e-05,0.9924375329104915,1e-10,238146.26943868923,2.0605957917928335e-07
wrong_fragment,2.3814626943868923e-05,2.3813744731603294e-05,2.3813744731603294e-05,0.999962955024754,1e-10,238146.26943868923,1.7014093693702297e-09
urgent,0.0006112420915593024,0.0006096194511421637,0.0006096194511421637,0.997345339204309,2.3814626943868923e-05,25.666666666666668,5.647040712289855e-06
hot,3.9691044906448206e-05,3.968134057152629e-05,3.968134057152629e-05,0.9997555031633764,1e-10,396910.44906448206,3.8439248715914005e-08
num_failed_logins,7.938208981289641e-06,4.796777133709198e-06,7.859222482191961e-06,0.6042644058647488,7.938208981289641e-06,1.0,0.0
